,Day,Week,Period,LogBook,Topic,Images,Links
1,4/02/2026,Week 2,Period 2,Brainstorming problem statement for SAT project. Identified the 'Panic Gap' issue in school workshops and established project constraints.,Design Brief,"Image 1.1, Image 1.2",
2,9/02/2026,Week 3,Period 1,Finalizing the requirements and considerations. Decided on a dual-microcontroller architecture (Pi + Arduino) to hit the complexity constraint.,Requirements,"Image 1.3, Image 1.4",
3,12/02/2026,Week 3,Period 4,"Researching existing solutions like wall kits, vending spirals, and smart pill dispensers to inform my design.",Inspiration & Research,"Image 2.1, Image 2.2, Image 2.3",https://www.instructables.com/DIY-Vending-Machine-1/
4,18/02/2026,Week 4,Period 2,Literature review on UART serial communication and Rack & Pinion kinematics for linear dispensing.,Literature Review,"Image 2.5, Image 2.6",https://www.linearmotiontips.com/how-do-rack-and-pinion-drives-work/
5,23/02/2026,Week 5,Period 1,Brainstorming and writing up alternative design options (Option 2: Voice Carousel & Option 3: RFID Solenoid).,Design Options,"Image 2.8, Image 2.9",https://wiki.dfrobot.com/sku_sen0539-en_gravity_voice_recognition_module_i2c_uart
6,26/02/2026,Week 5,Period 4,Fleshing out the preferred option (AI Rack & Pinion) and comparing all 3 options in a selection matrix.,Preferred Design Selection,Image 2.7,
7,4/03/2026,Week 6,Period 2,"Starting Fusion 360 CAD for the 3D printed smart cartridge. Set up user parameters for width, height, and tolerances.",CAD Modelling,Image 2.11,
8,9/03/2026,Week 7,Period 1,"Finished CAD modeling of the rack, pinion, pusher sled, and the exterior 6mm plywood chassis with the 45-degree ramp.",CAD Modelling,Image 2.7,
9,12/03/2026,Week 7,Period 4,"Designing the electronic control system and deciding on exact components (Raspberry Pi 4, Arduino Uno, FS90R Servos).",Control System Design,Image 2.12,https://roboticsbackend.com/raspberry-pi-arduino-serial-communication/
10,18/03/2026,Week 8,Period 2,"Creating the IPO Block Diagram, pseudocode flowchart, and completing the Risk Assessment for tools and equipment.",System Modelling & Risk Assessment,"Image 1.5, Image 3.3",
11,23/03/2026,Week 9,Period 1,"Finalizing materials list, costing spreadsheet ($322.25 total), and developing the estimated vs actual Gantt chart timeline.",Work Plan & Budget,Image 3.1,
12,26/03/2026,Week 9,Period 4,"Final review of the SAT Part A Folio. Updated the executive summary, evaluated factors, and created the visual evidence checklist.",Folio Documentation,,
13,15/04/2026,Week 1,Period 2,Term 2 starts. Began setting up the Raspberry Pi 4. Installed Raspberry Pi OS (Linux).,Software Development,,
14,20/04/2026,Week 2,Period 1,Encountered major issues connecting the Raspberry Pi to the school's Wi-Fi network due to restrictive enterprise firewall (802.1x EAP).,Debugging & Networking,,
15,23/04/2026,Week 2,Period 4,Still troubleshooting Pi network issues. Attempted MAC address spoofing and installing custom CA certificates for the school network.,Debugging & Networking,,
16,29/04/2026,Week 3,Period 2,Finally resolved Pi network issue by bridging the connection through my laptop's mobile hotspot for initial package downloads.,Debugging & Networking,,
17,4/05/2026,Week 4,Period 1,"Began Python development on the Pi. Installed required libraries (pyserial, requests) for the Gemini API and Arduino communication.",Software Development,,
18,7/05/2026,Week 4,Period 4,Began electronics setup. Soldered header pins to the Arduino Uno and wired the FS90R servo and limit switch to a breadboard.,Electronics Assembly,,
19,13/05/2026,Week 5,Period 2,Wrote initial C++ test script for the Arduino. Successfully spun the servo and stopped it using the limit switch interrupt.,Software Development,,
20,18/05/2026,Week 6,Period 1,Successfully established UART serial communication between the Pi and Arduino. Sent a string from Python and read it in C++.,System Integration,,
21,21/05/2026,Week 6,Period 4,Drafting the Gemini API prompt. Testing how to force the AI to return a strict '010' binary format instead of conversational text.,Software Development,,
22,27/05/2026,Week 7,Period 2,Connected the USB microphone to the Pi. Testing audio capture and saving to .wav files using Python.,Software Development,,
23,1/06/2026,Week 8,Period 1,Integrating the audio capture with the Gemini API script. Successfully sent a recorded voice file to the API and received a response.,Software Development,,
24,4/06/2026,Week 8,Period 4,"Combined the AI Python script with the Serial output script. The Pi now listens, processes via AI, and commands the Arduino automatically.",System Integration,,
25,10/06/2026,Week 9,Period 2,Software foundation complete. Shifting to hardware. Sent initial CAD files to the Prusa 3D printers for the first PoC cartridge and sled.,Manufacturing,,
26,15/06/2026,Week 10,Period 1,Removed 3D prints from the bed. Conducted a physical tolerance test with a real bandage packet. Found the sled was too tight.,Testing & Debugging,,
27,18/06/2026,Week 10,Period 4,Term 2 ends. Documenting the networking errors and the sled tightness issues into the official Project Fix Log.,Folio Documentation,,
28,15/07/2026,Week 1,Period 2,Term 3 starts. Adjusted Fusion 360 parameters for the sled width. Discovered the gear rack wasn't long enough to push the bandage fully out.,CAD Refinement,,
29,20/07/2026,Week 2,Period 1,Extended the gear rack length in CAD to 110mm. Designed a custom involute pinion gear specifically matched to the FS90R servo spline.,CAD Refinement,,
30,23/07/2026,Week 2,Period 4,"Printed the new elongated rack and custom pinion gear. Assembled the physical mechanism. Slides smoother, but teeth are skipping.",Manufacturing & Assembly,,
31,29/07/2026,Week 3,Period 2,"Debugging gear alignment. The custom pinion gear is slightly too small, causing it to slip on the rack under load.",Testing & Debugging,,
32,31/07/2026,Week 3,Home,"Currently adjusting the module (mod) spacing of the involute gear in Fusion 360 to ensure tighter meshing with the rack before next test.",CAD Refinement,,
33,4/08/2026,Week 3,Period 2,"Used a custom Python script (generate.py) via Fusion 360 API to parametrically extend the linear rack from 95mm to 120mm (26 teeth).",CAD Refinement,Figure 5,
34,6/08/2026,Week 3,Period 4,"Printed the elongated rack and new 12-tooth pinion. Tolerance is perfect (1.5mm). Rack now achieves 118.5mm of linear stroke.",Manufacturing & Assembly,Figure 2,
35,10/08/2026,Week 4,Period 1,"Latency issues detected with Python on Pi 4 during 16kHz audio downmixing. Decided to upgrade hardware to Raspberry Pi 5 (8GB) for multi-core headroom.",Hardware Upgrade,,
36,13/08/2026,Week 4,Period 4,"Scrapped Python architecture. Rewrote main logic in Rust (2024 Edition). Achieved sub-microsecond JSON deserialization and eliminated garbage collection spikes.",Software Development,Figure 1,
37,17/08/2026,Week 5,Period 2,"Updated Arduino C++ firmware. Added 'servo.detach()' after the push/retract cycle to completely eliminate idle micro-jitter and coil heating.",Software Development,Figure 4,
38,20/08/2026,Week 5,Period 4,"Fabricated 5V 3A power distribution rail with 1000uF decoupling capacitors. Wore safety glasses and used fume extractor to comply with OH&S.",Electronics Assembly,Figure 3,
39,25/08/2026,Week 6,Period 1,"Consolidated from 3 to 2 cartridges (Bandages & Alcohol). De-scoped plywood chassis for an Open-Frame Benchtop Test-Rig to allow easy diagnostic probing.",System Integration,,
40,28/08/2026,Week 6,Period 4,"Completed physical assembly of the open-frame rig. Mounted the Pi 5, Arduino Uno, and both PLA cartridges. Wired up the star-ground configuration.",System Integration,"Figure 6, Figure 9",
41,1/09/2026,Week 7,Period 2,"Diagnostic Test 2: Ran automated Python protocol suite (48/48 passed). Tested Gemini Vision logic with 10 images (100% on clear, 0% on blur).",Diagnostic Testing,"Figure 13, Figure 14",
42,3/09/2026,Week 7,Period 4,"Diagnostic Test 3: Mechanical ejection. 80% success rate (2 jams). Identified friction issue at the 2.5mm slit. Planned to widen slit and sand baseplate.",Diagnostic Testing,"Figure 15, Figure 16",
43,7/09/2026,Week 8,Period 1,"Diagnostic Test 1: End-to-end latency testing. Mean response 15.1s. Transitioned Pi 5 to a dedicated 5GHz mobile hotspot to bypass school Wi-Fi firewall latency.",Diagnostic Testing,Figure 12,
44,9/09/2026,Week 8,Home,"Compiled test data, populated Criteria Evaluation matrices, and finalized the Plan vs Reality comparison for the Part B folio.",Folio Documentation,,
45,11/09/2026,Week 8,Period 2,"Filmed final full-loop operational trial video. Formatted references and Generative AI prompts into Appendix A. Final PDF export for submission.",Folio Documentation,Figure 11,